user_genome	classification	fastani_reference	fastani_reference_radius	fastani_taxonomy	fastani_ani	fastani_af	closest_placement_reference	closest_placement_radius	closest_placement_taxonomy	closest_placement_ani	closest_placement_af	pplacer_taxonomy	classification_method	note	other_related_references(genome_id,species_name,radius,ANI,AF)	msa_percent	translation_table	red_value	warnings
0	Unclassified Bacteria	N/A	N/A	N/A	N/A	N/A	N/A	N/A	N/A	N/A	N/A	N/A	N/A	N/A	N/A	N/A	N/A	N/A	Insufficient number of amino acids in MSA (1.7%)
1	d__Bacteria;p__Proteobacteria;c__Gammaproteobacteria;o__Pseudomonadales;f__Pseudomonadaceae;g__Pseudomonas;s__Pseudomonas aeruginosa	GCF_001457615.1	95.0	d__Bacteria;p__Proteobacteria;c__Gammaproteobacteria;o__Pseudomonadales;f__Pseudomonadaceae;g__Pseudomonas;s__Pseudomonas aeruginosa	100.0	1.0	GCF_001457615.1	95.0	d__Bacteria;p__Proteobacteria;c__Gammaproteobacteria;o__Pseudomonadales;f__Pseudomonadaceae;g__Pseudomonas;s__Pseudomonas aeruginosa	100.0	1.0	d__Bacteria;p__Proteobacteria;c__Gammaproteobacteria;o__Pseudomonadales;f__Pseudomonadaceae;g__Pseudomonas;s__	taxonomic classification defined by topology and ANI	topological placement and ANI have congruent species assignments	GCF_000017205.1, s__Pseudomonas aeruginosa_A, 95.0, 94.09, 0.898; GCF_900187975.1, s__Pseudomonas delhiensis, 95.078, 84.75, 0.658; GCF_900103845.1, s__Pseudomonas jinjuensis, 95.0, 84.72, 0.588; GCF_900112375.1, s__Pseudomonas citronellolis, 95.078, 84.67, 0.657; GCF_017589465.1, s__Pseudomonas sp017589465, 95.0, 84.2, 0.608; GCF_000349845.1, s__Pseudomonas sp000349845, 95.0, 84.01, 0.656; GCF_017491605.1, s__Pseudomonas sp017491605, 95.0, 83.97, 0.611; GCF_014204515.1, s__Pseudomonas nitritireducens_A, 95.0, 83.92, 0.641; GCA_002452115.1, s__Pseudomonas nitroreducens_B, 95.0, 83.87, 0.623; GCF_000689415.1, s__Pseudomonas knackmussii, 95.0, 83.86, 0.58; GCF_900099785.1, s__Pseudomonas panipatensis, 95.0, 83.83, 0.611; GCF_000955805.1, s__Pseudomonas sp000955805, 95.0, 83.75, 0.627; GCF_008807415.1, s__Pseudomonas sp002079985, 95.0, 83.72, 0.632; GCF_009189165.1, s__Pseudomonas sp009189165, 95.0, 83.67, 0.585; GCF_002091755.1, s__Pseudomonas nitroreducens, 95.0, 83.58, 0.621; GCA_002796985.1, s__Pseudomonas sp002796985, 95.0, 83.47, 0.604; GCF_014852585.1, s__Pseudomonas sp014852585, 95.0, 83.43, 0.609; GCF_000313755.1, s__Pseudomonas nitroreducens_A, 95.0, 83.41, 0.611; GCF_005877905.1, s__Pseudomonas nicosulfuronedens, 95.0, 83.39, 0.613; GCF_016919445.1, s__Pseudomonas sp016919445, 95.0, 83.39, 0.615	96.15	11	N/A	N/A
10	d__Bacteria;p__Firmicutes_D;c__Proteinivoracia;o__Proteinivoracales;f__Proteinivoraceae;g__Anaerobranca;s__Anaerobranca californiensis	GCF_900142275.1	95.0	d__Bacteria;p__Firmicutes_D;c__Proteinivoracia;o__Proteinivoracales;f__Proteinivoraceae;g__Anaerobranca;s__Anaerobranca californiensis	100.0	0.998	GCF_900142275.1	95.0	d__Bacteria;p__Firmicutes_D;c__Proteinivoracia;o__Proteinivoracales;f__Proteinivoraceae;g__Anaerobranca;s__Anaerobranca californiensis	100.0	0.998	d__Bacteria;p__Firmicutes_D;c__Proteinivoracia;o__Proteinivoracales;f__Proteinivoraceae;g__Anaerobranca;s__	taxonomic classification defined by topology and ANI	topological placement and ANI have congruent species assignments	GCF_900111575.1, s__Anaerobranca gottschalkii, 95.0, 86.03, 0.82	89.95	11	N/A	N/A
11	d__Bacteria;p__Bacteroidota;c__Bacteroidia;o__Chitinophagales;f__Chitinophagaceae;g__Hydrotalea;s__Hydrotalea sandarakina	GCF_003254115.1	95.0	d__Bacteria;p__Bacteroidota;c__Bacteroidia;o__Chitinophagales;f__Chitinophagaceae;g__Hydrotalea;s__Hydrotalea sandarakina	99.6	0.75	GCF_003254115.1	95.0	d__Bacteria;p__Bacteroidota;c__Bacteroidia;o__Chitinophagales;f__Chitinophagaceae;g__Hydrotalea;s__Hydrotalea sandarakina	99.6	0.75	d__Bacteria;p__Bacteroidota;c__Bacteroidia;o__Chitinophagales;f__Chitinophagaceae;g__Hydrotalea;s__	taxonomic classification defined by topology and ANI	topological placement and ANI have congruent species assignments	GCA_011362875.1, s__Hydrotalea flava_A, 95.0, 95.5, 0.583; GCA_001623405.1, s__Hydrotalea flava, 95.0, 83.63, 0.083	24.9	11	N/A	N/A
12	d__Bacteria;p__Proteobacteria;c__Gammaproteobacteria;o__Burkholderiales;f__Burkholderiaceae;g__Pseudoduganella;s__Pseudoduganella sp001425045	GCF_001425045.1	95.0	d__Bacteria;p__Proteobacteria;c__Gammaproteobacteria;o__Burkholderiales;f__Burkholderiaceae;g__Pseudoduganella;s__Pseudoduganella sp001425045	100.0	1.0	GCF_001425045.1	95.0	d__Bacteria;p__Proteobacteria;c__Gammaproteobacteria;o__Burkholderiales;f__Burkholderiaceae;g__Pseudoduganella;s__Pseudoduganella sp001425045	100.0	1.0	d__Bacteria;p__Proteobacteria;c__Gammaproteobacteria;o__Burkholderiales;f__Burkholderiaceae;g__Pseudoduganella;s__	taxonomic classification defined by topology and ANI	topological placement and ANI have congruent species assignments	GCF_001425265.1, s__Pseudoduganella sp001425265, 95.0, 90.2, 0.927; GCF_003053665.1, s__Pseudoduganella sp003053665, 95.0, 90.07, 0.887; GCF_009857595.1, s__Pseudoduganella aquatica_A, 95.0, 88.94, 0.85; GCF_900116645.1, s__Pseudoduganella namucuonensis, 95.0, 85.48, 0.78; GCF_014191875.1, s__Pseudoduganella violacea, 95.0, 82.32, 0.606; GCF_001191005.1, s__Pseudoduganella sp001191005, 95.0, 82.21, 0.618; GCF_013369485.1, s__Pseudoduganella sp013369485, 95.0, 82.19, 0.606; GCA_008011715.1, s__Pseudoduganella haloabium, 95.0, 81.62, 0.626; GCF_009674485.1, s__Pseudoduganella sp009674485, 95.0, 81.6, 0.693; GCF_009720835.1, s__Pseudoduganella buxea, 95.0, 81.54, 0.6; GCF_003028855.1, s__Pseudoduganella armeniaca, 95.0, 81.54, 0.623; GCF_009857475.1, s__Pseudoduganella guangdongensis, 95.0, 81.45, 0.587; GCF_000425385.1, s__Pseudoduganella violaceinigra, 95.0, 81.41, 0.531; GCF_007830455.1, s__Pseudoduganella lurida, 95.0, 81.26, 0.579; GCF_004217275.1, s__Pseudoduganella sp004217275, 95.0, 81.19, 0.56; GCF_900113115.1, s__Pseudoduganella sp900113115, 95.0, 81.16, 0.551; GCA_002454505.1, s__Pseudoduganella sp002454505, 95.0, 81.14, 0.581; GCF_009720745.1, s__Pseudoduganella eburnea, 95.0, 81.1, 0.561; GCF_001425005.1, s__Pseudoduganella sp001425005, 95.0, 81.05, 0.566; GCF_014192225.1, s__Pseudoduganella umbonata, 95.0, 81.02, 0.604; GCF_009727155.1, s__Pseudoduganella dura, 95.0, 80.99, 0.602; GCF_004322755.1, s__Pseudoduganella albidiflava, 95.0, 80.95, 0.632; GCF_001427305.1, s__Pseudoduganella sp001427305, 95.0, 80.91, 0.569; GCF_004421005.1, s__Pseudoduganella plicata, 95.0, 80.87, 0.559; GCF_004209755.1, s__Pseudoduganella lutea, 95.0, 80.76, 0.572; GCF_007830495.1, s__Pseudoduganella flava, 95.0, 80.64, 0.619; GCF_009720865.1, s__Pseudoduganella ginsengisoli, 95.0, 80.59, 0.558	62.23	11	N/A	N/A
13	Unclassified Bacteria	N/A	N/A	N/A	N/A	N/A	N/A	N/A	N/A	N/A	N/A	N/A	N/A	N/A	N/A	N/A	N/A	N/A	Insufficient number of amino acids in MSA (0.8%)
14	Unclassified	N/A	N/A	N/A	N/A	N/A	N/A	N/A	N/A	N/A	N/A	N/A	N/A	N/A	N/A	N/A	N/A	N/A	No bacterial or archaeal marker
15	Unclassified	N/A	N/A	N/A	N/A	N/A	N/A	N/A	N/A	N/A	N/A	N/A	N/A	N/A	N/A	N/A	N/A	N/A	No bacterial or archaeal marker
16	d__Bacteria;p__Chloroflexota;c__Ktedonobacteria;o__Ktedonobacterales;f__Ktedonobacteraceae;g__Thermosporothrix;s__Thermosporothrix hazakensis	GCF_003253565.1	95.0	d__Bacteria;p__Chloroflexota;c__Ktedonobacteria;o__Ktedonobacterales;f__Ktedonobacteraceae;g__Thermosporothrix;s__Thermosporothrix hazakensis	100.0	0.999	GCF_003253565.1	95.0	d__Bacteria;p__Chloroflexota;c__Ktedonobacteria;o__Ktedonobacterales;f__Ktedonobacteraceae;g__Thermosporothrix;s__Thermosporothrix hazakensis	100.0	0.999	d__Bacteria;p__Chloroflexota;c__Ktedonobacteria;o__Ktedonobacterales;f__Ktedonobacteraceae;g__;s__	taxonomic classification defined by topology and ANI	topological placement and ANI have congruent species assignments	N/A	83.58	11	N/A	Genome has more than 11.7% of markers with multiple hits
17	d__Bacteria;p__Proteobacteria;c__Alphaproteobacteria;o__Rhodobacterales;f__Rhodobacteraceae;g__Paracoccus;s__Paracoccus denitrificans	GCF_900100045.1	95.0	d__Bacteria;p__Proteobacteria;c__Alphaproteobacteria;o__Rhodobacterales;f__Rhodobacteraceae;g__Paracoccus;s__Paracoccus denitrificans	99.92	0.923	GCF_900100045.1	95.0	d__Bacteria;p__Proteobacteria;c__Alphaproteobacteria;o__Rhodobacterales;f__Rhodobacteraceae;g__Paracoccus;s__Paracoccus denitrificans	99.92	0.923	d__Bacteria;p__Proteobacteria;c__Alphaproteobacteria;o__Rhodobacterales;f__Rhodobacteraceae;g__Paracoccus;s__	taxonomic classification defined by topology and ANI	topological placement and ANI have congruent species assignments	GCF_001447385.1, s__Paracoccus sp001447385, 95.0, 92.55, 0.689; GCF_008824185.1, s__Paracoccus pantotrophus, 95.0, 91.9, 0.792; GCF_000518925.1, s__Paracoccus sp000518925, 95.0, 91.74, 0.784; GCF_000763885.1, s__Paracoccus versutus, 95.0, 91.56, 0.7; GCF_016446475.1, s__Paracoccus binzhouensis, 95.0, 90.0, 0.699; GCF_900156255.1, s__Paracoccus thiocyanatus, 95.0, 89.76, 0.826; GCF_016919705.1, s__Paracoccus sp002359815, 95.0, 87.77, 0.762; GCF_900005615.1, s__Paracoccus aminovorans, 95.0, 87.67, 0.702; GCF_001546115.1, s__Paracoccus aminovorans_B, 95.0, 87.5, 0.689; GCF_000622145.1, s__Paracoccus yeei, 96.0533, 85.09, 0.639; GCF_009301415.1, s__Paracoccus kondratievae, 95.0, 85.07, 0.711; GCF_003285265.1, s__Paracoccus mutanolyticus, 96.0533, 85.0, 0.703; GCF_003337565.1, s__Paracoccus lutimaris, 95.0, 84.95, 0.659; GCA_018056045.1, s__Paracoccus sp018056045, 95.0, 84.79, 0.706; GCF_000763905.1, s__Paracoccus halophilus, 95.0, 84.68, 0.641; GCF_009711185.1, s__Paracoccus limosus, 95.0, 84.37, 0.687; GCF_009696685.1, s__Paracoccus sp009696685, 95.0, 84.12, 0.756; GCF_003709565.1, s__Paracoccus siganidrum, 95.0, 83.78, 0.604; GCF_009711265.1, s__Paracoccus sp009711265, 95.0, 83.37, 0.604; GCF_009711205.1, s__Paracoccus litorisediminis, 95.0, 83.22, 0.507; GCF_004522175.1, s__Paracoccus ravus, 95.0, 82.71, 0.558; GCF_900182695.1, s__Paracoccus laeviglucosivorans, 95.0, 82.42, 0.6; GCF_007830335.1, s__Paracoccus sulfuroxidans, 95.0, 82.36, 0.589; GCF_900142875.1, s__Paracoccus solventivorans, 95.0, 82.29, 0.642; GCF_018860165.1, s__Paracoccus sp018860165, 95.0, 82.28, 0.565; GCF_900631945.1, s__Paracoccus haematequi, 95.0, 81.91, 0.589; GCF_000763805.1, s__Paracoccus sphaerophysae, 95.0, 81.86, 0.653; GCF_017356265.1, s__Paracoccus fontiphilus, 95.0, 81.77, 0.563; GCF_009708075.1, s__Paracoccus lichenicola, 95.0, 81.73, 0.583; GCF_017315735.1, s__Paracoccus sp017315735, 95.0, 81.69, 0.585; GCF_014642735.1, s__Paracoccus acridae, 95.0, 81.66, 0.54; GCF_009711225.1, s__Paracoccus aestuariivivens, 95.0, 81.62, 0.505; GCF_900110285.1, s__Paracoccus alcaliphilus, 95.0, 81.59, 0.539; GCF_900108405.1, s__Paracoccus alkenifer, 95.0, 81.56, 0.644; GCF_002847445.1, s__Paracoccus zhejiangensis, 95.0, 81.45, 0.535; GCF_002287065.1, s__Paracoccus salipaludis, 95.0, 81.42, 0.595; GCF_004522155.1, s__Paracoccus luteus, 95.0, 81.37, 0.646; GCF_003594815.1, s__Paracoccus aestuarii, 95.0, 81.34, 0.58; GCF_014656455.1, s__Paracoccus aerius, 95.0, 81.33, 0.503; GCF_003286075.1, s__Paracoccus endophyticus, 95.0, 81.31, 0.64; GCF_019061185.1, s__Paracoccus sp019061185, 95.0, 81.18, 0.59; GCF_900102885.1, s__Paracoccus chinensis, 95.0, 81.15, 0.577; GCF_016617715.1, s__Paracoccus sp014164625, 95.0, 81.12, 0.551; GCF_005048225.1, s__Paracoccus gahaiensis, 95.0, 81.1, 0.522; GCF_900106665.1, s__Paracoccus sanguinis, 95.0, 81.03, 0.608; GCF_004683865.2, s__Paracoccus liaowanqingii, 95.0, 81.01, 0.437; GCF_900102505.1, s__Paracoccus tibetensis, 95.0, 80.89, 0.527; GCF_000420145.1, s__Paracoccus zeaxanthinifaciens, 95.0, 80.84, 0.61; GCF_900188295.1, s__Paracoccus sediminis, 95.0, 80.83, 0.551; GCF_002865605.1, s__Paracoccus jeotgali, 95.0, 80.76, 0.557; GCF_013868135.1, s__Paracoccus sp013868135, 95.0, 80.76, 0.54; GCF_005048265.1, s__Paracoccus hibiscisoli, 95.0, 80.75, 0.541; GCF_004310345.1, s__Paracoccus subflavus, 95.0, 80.73, 0.577; GCF_006151785.1, s__Paracoccus marcusii, 95.0, 80.71, 0.542; GCF_003007735.2, s__Paracoccus marinus_A, 95.0, 80.68, 0.47; GCF_002105555.1, s__Paracoccus contaminans, 95.0, 80.67, 0.606; GCA_002294185.1, s__Paracoccus sp002294185, 95.0, 80.54, 0.566; GCF_000787695.1, s__Paracoccus sp000787695, 95.0, 80.54, 0.482; GCF_004923205.2, s__Paracoccus aeridis, 95.0, 80.46, 0.552; GCF_000444995.1, s__Paracoccus aminophilus, 95.0, 80.44, 0.442; GCF_007018965.1, s__Paracoccus marinus, 95.0, 80.42, 0.591; GCF_003056335.1, s__Paracoccus indicus, 95.0, 80.41, 0.54; GCF_018860625.1, s__Paracoccus sp018860625, 95.0, 80.39, 0.519; GCF_007096355.1, s__Paracoccus sp007096355, 95.0, 80.38, 0.496; GCF_011308835.1, s__Paracoccus xiamenensis, 95.0, 80.27, 0.529; GCF_900111675.1, s__Paracoccus homiensis, 95.0, 80.24, 0.479; GCA_003255745.1, s__Paracoccus saliphilus_A, 95.0, 80.24, 0.507; GCF_017744015.1, s__Paracoccus sp002732665, 95.0, 80.22, 0.478; GCF_003697785.1, s__Paracoccus alkanivorans, 95.0, 80.21, 0.427; GCF_003259195.1, s__Paracoccus sediminilitoris, 95.0, 80.19, 0.519; GCF_009674885.1, s__Paracoccus sp009674885, 95.0, 80.12, 0.495; GCF_900101865.1, s__Paracoccus isoporae, 95.0, 80.12, 0.52; GCF_016629665.1, s__Paracoccus caeni, 95.0, 80.1, 0.489; GCF_004335005.1, s__Paracoccus sp004335005, 95.0, 80.0, 0.469; GCA_016869875.1, s__Paracoccus sp016869875, 95.0, 79.99, 0.417; GCA_900156835.1, s__Paracoccus saliphilus, 95.0, 79.73, 0.386; GCF_003324675.1, s__Paracoccus suum, 95.0, 79.52, 0.506; GCF_002847305.1, s__Paracoccus sp002847305, 95.0, 79.13, 0.415; GCF_900199195.1, s__Paracoccus seriniphilus, 95.0, 79.06, 0.381; GCA_005768755.1, s__Paracoccus denitrificans_B, 95.0, 79.02, 0.36; GCF_007993065.1, s__Paracoccus aurantiacus, 95.0, 78.95, 0.383; GCA_003240735.1, s__Paracoccus denitrificans_A, 95.0, 78.9, 0.445; GCF_014490725.1, s__Paracoccus amoyensis, 95.0, 78.87, 0.393; GCF_003591515.1, s__Paracoccus sp003591515, 95.0, 78.51, 0.341; GCF_003590715.1, s__Paracoccus sp003590715, 95.0, 78.29, 0.33	46.66	11	N/A	Genome has more than 52.5% of markers with multiple hits
18	d__Bacteria;p__Proteobacteria;c__Gammaproteobacteria;o__Burkholderiales;f__Burkholderiaceae;g__Pseudoduganella;s__Pseudoduganella sp001425265	GCF_001425265.1	95.0	d__Bacteria;p__Proteobacteria;c__Gammaproteobacteria;o__Burkholderiales;f__Burkholderiaceae;g__Pseudoduganella;s__Pseudoduganella sp001425265	100.0	1.0	GCF_001425265.1	95.0	d__Bacteria;p__Proteobacteria;c__Gammaproteobacteria;o__Burkholderiales;f__Burkholderiaceae;g__Pseudoduganella;s__Pseudoduganella sp001425265	100.0	1.0	d__Bacteria;p__Proteobacteria;c__Gammaproteobacteria;o__Burkholderiales;f__Burkholderiaceae;g__Pseudoduganella;s__	taxonomic classification defined by topology and ANI	topological placement and ANI have congruent species assignments	GCF_003053665.1, s__Pseudoduganella sp003053665, 95.0, 90.84, 0.869; GCF_001425045.1, s__Pseudoduganella sp001425045, 95.0, 90.62, 0.862; GCF_009857595.1, s__Pseudoduganella aquatica_A, 95.0, 89.76, 0.816; GCF_900116645.1, s__Pseudoduganella namucuonensis, 95.0, 85.71, 0.687; GCF_001191005.1, s__Pseudoduganella sp001191005, 95.0, 82.78, 0.594; GCF_014191875.1, s__Pseudoduganella violacea, 95.0, 82.73, 0.596; GCF_013369485.1, s__Pseudoduganella sp013369485, 95.0, 82.68, 0.587; GCA_008011715.1, s__Pseudoduganella haloabium, 95.0, 82.19, 0.58; GCF_009720835.1, s__Pseudoduganella buxea, 95.0, 82.1, 0.601; GCF_009857475.1, s__Pseudoduganella guangdongensis, 95.0, 82.08, 0.637; GCF_003028855.1, s__Pseudoduganella armeniaca, 95.0, 82.04, 0.602; GCF_009674485.1, s__Pseudoduganella sp009674485, 95.0, 81.96, 0.594; GCF_000425385.1, s__Pseudoduganella violaceinigra, 95.0, 81.81, 0.555; GCF_007830455.1, s__Pseudoduganella lurida, 95.0, 81.77, 0.587; GCF_004217275.1, s__Pseudoduganella sp004217275, 95.0, 81.75, 0.549; GCA_002454505.1, s__Pseudoduganella sp002454505, 95.0, 81.71, 0.592; GCF_009720745.1, s__Pseudoduganella eburnea, 95.0, 81.62, 0.569; GCF_001425005.1, s__Pseudoduganella sp001425005, 95.0, 81.59, 0.543; GCF_900113115.1, s__Pseudoduganella sp900113115, 95.0, 81.54, 0.555; GCF_001427305.1, s__Pseudoduganella sp001427305, 95.0, 81.37, 0.543; GCF_004322755.1, s__Pseudoduganella albidiflava, 95.0, 81.34, 0.548; GCF_014192225.1, s__Pseudoduganella umbonata, 95.0, 81.26, 0.526; GCF_009727155.1, s__Pseudoduganella dura, 95.0, 81.26, 0.541; GCF_004421005.1, s__Pseudoduganella plicata, 95.0, 81.21, 0.58; GCF_007830495.1, s__Pseudoduganella flava, 95.0, 81.1, 0.56; GCF_004209755.1, s__Pseudoduganella lutea, 95.0, 80.91, 0.515; GCF_009720865.1, s__Pseudoduganella ginsengisoli, 95.0, 80.7, 0.522	97.2	11	N/A	N/A
19	d__Bacteria;p__Proteobacteria;c__Gammaproteobacteria;o__Xanthomonadales;f__Xanthomonadaceae;g__Lysobacter;s__	N/A	N/A	N/A	N/A	N/A	GCF_014489475.1	95.0	d__Bacteria;p__Proteobacteria;c__Gammaproteobacteria;o__Xanthomonadales;f__Xanthomonadaceae;g__Lysobacter;s__Lysobacter solisilvae	87.26	0.807	d__Bacteria;p__Proteobacteria;c__Gammaproteobacteria;o__Xanthomonadales;f__Xanthomonadaceae;g__Lysobacter;s__	taxonomic classification defined by topology and ANI	classification based on placement in class-level tree	GCF_001427225.1, s__Lysobacter sp001427225, 95.0, 84.17, 0.724; GCF_016613535.2, s__Lysobacter solisilvae_A, 95.0, 83.04, 0.688; GCF_003814555.1, s__Lysobacter tengchongensis, 95.0, 82.75, 0.62; GCF_009765165.1, s__Lysobacter panacisoli, 95.0, 82.49, 0.638; GCF_003586305.1, s__Lysobacter tabacisoli, 95.0, 82.46, 0.659; GCF_016613475.2, s__Lysobacter arenosi, 95.0, 82.42, 0.642; GCF_009765215.1, s__Lysobacter prati, 95.0, 82.29, 0.619; GCF_015453285.1, s__Lysobacter niastensis, 95.0, 82.19, 0.657; GCF_016735495.2, s__Lysobacter sp016735495, 95.0, 82.19, 0.645; GCF_017308985.1, s__Lysobacter sp017308985, 95.0, 82.19, 0.637; GCF_003382365.1, s__Lysobacter silvisoli, 95.0, 82.19, 0.662; GCF_900114355.1, s__Lysobacter sp900114355, 95.0, 82.16, 0.665; GCF_000768335.1, s__Lysobacter arseniciresistens, 95.0, 82.07, 0.581; GCF_003382285.1, s__Lysobacter soli, 95.0, 82.02, 0.64; GCF_001428685.1, s__Lysobacter sp001428685, 95.0, 81.97, 0.681; GCA_013361435.1, s__Lysobacter sp013361435, 95.0, 81.94, 0.583; GCF_900107375.1, s__Lysobacter sp900107375, 95.0, 81.93, 0.69; GCF_001429785.1, s__Lysobacter sp001429785, 95.0, 81.92, 0.666; GCF_007923255.1, s__Lysobacter thermophilus, 95.0, 81.87, 0.601; GCA_005503055.1, s__Lysobacter sp005503055, 95.0, 81.8, 0.627; GCF_001442515.1, s__Lysobacter enzymogenes_B, 95.0, 81.79, 0.711; GCF_000336385.2, s__Lysobacter antibioticus_A, 95.0, 81.79, 0.633; GCF_017355525.1, s__Lysobacter enzymogenes_C, 95.0, 81.78, 0.673; GCF_000768355.1, s__Lysobacter daejeonensis, 95.0, 81.73, 0.567; GCF_007830115.1, s__Lysobacter ruishenii, 95.0, 81.68, 0.555; GCF_018847975.1, s__Lysobacter sp018847975, 95.0, 81.67, 0.673; GCF_900106525.1, s__Lysobacter enzymogenes, 95.0, 81.61, 0.684; GCF_001442535.1, s__Lysobacter antibioticus, 95.0, 81.51, 0.634; GCF_000731095.1, s__Lysobacter antibioticus_B, 95.0, 81.5, 0.618; GCF_014651995.1, s__Lysobacter xinjiangensis, 95.0, 81.44, 0.573; GCF_006546735.2, s__Lysobacter maris, 95.0, 81.44, 0.539; GCF_003719825.1, s__Lysobacter psychrotolerans, 95.0, 81.43, 0.605; GCF_014779555.1, s__Lysobacter capsici, 95.0, 81.33, 0.642; GCF_907164845.1, s__Lysobacter sp907164845, 95.0, 81.3, 0.605; GCF_001442805.1, s__Lysobacter gummosus, 95.0, 81.29, 0.644; GCF_018732085.1, s__Lysobacter capsici_A, 95.0, 81.25, 0.669; GCF_018612875.1, s__Lysobacter sp018612875, 95.0, 81.25, 0.607; GCF_001427785.1, s__Lysobacter sp001427785, 95.0, 81.23, 0.622; GCA_001830245.1, s__Lysobacter sp001830245, 95.0, 81.22, 0.585; GCF_014145325.1, s__Lysobacter spongiae, 95.0, 81.18, 0.553; GCF_004359965.1, s__Lysobacter segetis, 95.0, 81.17, 0.603; GCF_006546775.1, s__Lysobacter aestuarii, 95.0, 81.15, 0.543; GCF_006547045.1, s__Lysobacter alkalisoli, 95.0, 81.06, 0.568; GCF_014145395.1, s__Lysobacter penaei, 95.0, 80.91, 0.511; GCF_000768345.1, s__Lysobacter concretionis, 95.0, 80.87, 0.544; GCF_004361065.1, s__Lysobacter terrigena, 95.0, 80.71, 0.533; GCF_003367355.1, s__Lysobacter sp003367355, 95.0, 80.67, 0.533; GCF_000423325.1, s__Lysobacter defluvii, 95.0, 80.53, 0.543; GCF_000426005.1, s__Lysobacter sp000426005, 95.0, 80.52, 0.514; GCF_014652095.1, s__Lysobacter bugurensis, 95.0, 80.39, 0.518; GCF_015209725.1, s__Lysobacter sp015209725, 95.0, 80.38, 0.507; GCF_900167055.1, s__Lysobacter spongiicola, 95.0, 80.35, 0.519; GCF_008274655.1, s__Lysobacter lacus, 95.0, 80.16, 0.551; GCF_015209765.1, s__Lysobacter sp015209765, 95.0, 80.08, 0.507; GCA_004322525.1, s__Lysobacter sp004322525, 95.0, 79.9, 0.556; GCA_902805755.1, s__Lysobacter sp902805755, 95.0, 79.86, 0.558; GCF_000855665.1, s__Lysobacter sp000855665, 95.0, 79.69, 0.488	98.51	11	0.98427	Genome not assigned to closest species as it falls outside its pre-defined ANI radius
2	Unclassified Bacteria	N/A	N/A	N/A	N/A	N/A	N/A	N/A	N/A	N/A	N/A	N/A	N/A	N/A	N/A	N/A	N/A	N/A	Insufficient number of amino acids in MSA (8.4%)
20	d__Bacteria;p__Proteobacteria;c__Gammaproteobacteria;o__Burkholderiales;f__Chitinibacteraceae;g__Andreprevotia;s__Andreprevotia lacus	GCF_900176275.1	95.0	d__Bacteria;p__Proteobacteria;c__Gammaproteobacteria;o__Burkholderiales;f__Chitinibacteraceae;g__Andreprevotia;s__Andreprevotia lacus	100.0	0.998	GCF_900176275.1	95.0	d__Bacteria;p__Proteobacteria;c__Gammaproteobacteria;o__Burkholderiales;f__Chitinibacteraceae;g__Andreprevotia;s__Andreprevotia lacus	100.0	0.998	d__Bacteria;p__Proteobacteria;c__Gammaproteobacteria;o__Burkholderiales;f__Chitinibacteraceae;g__Andreprevotia;s__	taxonomic classification defined by topology and ANI	topological placement and ANI have congruent species assignments	GCF_009848685.1, s__Andreprevotia sp009848685, 95.0, 82.71, 0.614; GCF_000711875.1, s__Andreprevotia chitinilytica, 95.0, 80.4, 0.452	97.66	11	N/A	N/A
21	d__Bacteria;p__Firmicutes_A;c__Clostridia;o__Peptostreptococcales;f__Peptostreptococcaceae;g__Tepidibacter;s__Tepidibacter formicigenes	GCF_900142235.1	95.0	d__Bacteria;p__Firmicutes_A;c__Clostridia;o__Peptostreptococcales;f__Peptostreptococcaceae;g__Tepidibacter;s__Tepidibacter formicigenes	100.0	0.999	GCF_900142235.1	95.0	d__Bacteria;p__Firmicutes_A;c__Clostridia;o__Peptostreptococcales;f__Peptostreptococcaceae;g__Tepidibacter;s__Tepidibacter formicigenes	100.0	0.999	d__Bacteria;p__Firmicutes_A;c__Clostridia;o__Peptostreptococcales;f__Peptostreptococcaceae;g__Tepidibacter;s__	taxonomic classification defined by topology and ANI	topological placement and ANI have congruent species assignments	GCF_900129915.1, s__Tepidibacter thalassicus, 95.0, 86.84, 0.754	92.73	11	N/A	N/A
22	d__Bacteria;p__Firmicutes_C;c__Negativicutes;o__Selenomonadales;f__Selenomonadaceae;g__Schwartzia;s__Schwartzia succinivorans	GCF_900129225.1	95.0	d__Bacteria;p__Firmicutes_C;c__Negativicutes;o__Selenomonadales;f__Selenomonadaceae;g__Schwartzia;s__Schwartzia succinivorans	100.0	1.0	GCF_900129225.1	95.0	d__Bacteria;p__Firmicutes_C;c__Negativicutes;o__Selenomonadales;f__Selenomonadaceae;g__Schwartzia;s__Schwartzia succinivorans	100.0	1.0	d__Bacteria;p__Firmicutes_C;c__Negativicutes;o__Selenomonadales;f__Selenomonadaceae;g__;s__	taxonomic classification defined by topology and ANI	topological placement and ANI have congruent species assignments	N/A	94.9	11	N/A	N/A
23	d__Bacteria;p__Proteobacteria;c__Alphaproteobacteria;o__Rhodobacterales;f__Rhodobacteraceae;g__Meinhardsimonia;s__Meinhardsimonia xiamenensis	GCF_900102905.1	95.0	d__Bacteria;p__Proteobacteria;c__Alphaproteobacteria;o__Rhodobacterales;f__Rhodobacteraceae;g__Meinhardsimonia;s__Meinhardsimonia xiamenensis	100.0	0.996	GCF_900102905.1	95.0	d__Bacteria;p__Proteobacteria;c__Alphaproteobacteria;o__Rhodobacterales;f__Rhodobacteraceae;g__Meinhardsimonia;s__Meinhardsimonia xiamenensis	100.0	0.996	d__Bacteria;p__Proteobacteria;c__Alphaproteobacteria;o__Rhodobacterales;f__Rhodobacteraceae;g__;s__	taxonomic classification defined by topology and ANI	topological placement and ANI have congruent species assignments	N/A	98.03	11	N/A	N/A
24	d__Bacteria;p__Bacteroidota;c__Bacteroidia;o__Flavobacteriales;f__Flavobacteriaceae;g__Nonlabens;s__Nonlabens dokdonensis	GCF_000332115.1	95.0	d__Bacteria;p__Bacteroidota;c__Bacteroidia;o__Flavobacteriales;f__Flavobacteriaceae;g__Nonlabens;s__Nonlabens dokdonensis	100.0	0.976	GCF_000332115.1	95.0	d__Bacteria;p__Bacteroidota;c__Bacteroidia;o__Flavobacteriales;f__Flavobacteriaceae;g__Nonlabens;s__Nonlabens dokdonensis	100.0	0.976	d__Bacteria;p__Bacteroidota;c__Bacteroidia;o__Flavobacteriales;f__Flavobacteriaceae;g__Nonlabens;s__	taxonomic classification defined by topology and ANI	topological placement and ANI have congruent species assignments	GCA_002162835.1, s__Nonlabens dokdonensis_B, 95.0, 86.46, 0.749; GCF_002934445.1, s__Nonlabens xylanidelens, 95.0, 79.39, 0.529; GCF_000732625.1, s__Nonlabens ulvanivorans, 95.0, 79.36, 0.285; GCF_002831625.1, s__Nonlabens sp002831625, 95.0, 78.95, 0.451; GCF_012974865.1, s__Nonlabens sp012974865, 95.0, 78.93, 0.464; GCA_000153385.1, s__Nonlabens sp000153385, 95.0, 78.74, 0.258; GCF_002954765.1, s__Nonlabens arenilitoris, 95.0, 78.62, 0.292; GCF_000755285.1, s__Nonlabens ulvanivorans_A, 95.0, 78.61, 0.302; GCA_018401815.1, s__Nonlabens sp018401815, 95.0, 78.24, 0.39; GCF_000831385.1, s__Nonlabens marinus, 95.0, 77.92, 0.166; GCF_003966335.1, s__Nonlabens ponticola, 95.0, 77.46, 0.163; GCF_900101765.1, s__Nonlabens sp900101765, 95.0, 77.44, 0.159; GCF_002994045.1, s__Nonlabens agnitus, 95.0, 77.18, 0.19; GCF_002954355.1, s__Nonlabens tegetincola, 95.0, 77.05, 0.156; GCF_003865345.1, s__Nonlabens xiamenensis, 95.0, 76.93, 0.142; GCF_002117125.1, s__Nonlabens spongiae, 95.0, 76.86, 0.129; GCF_001413925.1, s__Nonlabens sp001413925, 95.0, 76.84, 0.173; GCF_015356755.1, s__Nonlabens antarcticus, 95.0, 76.69, 0.166	56.95	11	N/A	Genome has more than 11.7% of markers with multiple hits
25	d__Bacteria;p__Firmicutes_A;c__Clostridia;o__Peptostreptococcales;f__Caminicellaceae;g__Paramaledivibacter;s__Paramaledivibacter caminithermalis	GCF_900142245.1	95.0	d__Bacteria;p__Firmicutes_A;c__Clostridia;o__Peptostreptococcales;f__Caminicellaceae;g__Paramaledivibacter;s__Paramaledivibacter caminithermalis	99.97	0.964	GCF_900142245.1	95.0	d__Bacteria;p__Firmicutes_A;c__Clostridia;o__Peptostreptococcales;f__Caminicellaceae;g__Paramaledivibacter;s__Paramaledivibacter caminithermalis	99.97	0.964	d__Bacteria;p__Firmicutes_A;c__Clostridia;o__Peptostreptococcales;f__Caminicellaceae;g__;s__	taxonomic classification defined by topology and ANI	topological placement and ANI have congruent species assignments	N/A	86.36	11	N/A	N/A
26	d__Bacteria;p__Proteobacteria;c__Gammaproteobacteria;o__Burkholderiales;f__Burkholderiaceae;g__Lampropedia;s__Lampropedia hyalina	GCF_900129055.1	95.0	d__Bacteria;p__Proteobacteria;c__Gammaproteobacteria;o__Burkholderiales;f__Burkholderiaceae;g__Lampropedia;s__Lampropedia hyalina	100.0	1.0	GCF_900129055.1	95.0	d__Bacteria;p__Proteobacteria;c__Gammaproteobacteria;o__Burkholderiales;f__Burkholderiaceae;g__Lampropedia;s__Lampropedia hyalina	100.0	1.0	d__Bacteria;p__Proteobacteria;c__Gammaproteobacteria;o__Burkholderiales;f__Burkholderiaceae;g__Lampropedia;s__	taxonomic classification defined by topology and ANI	topological placement and ANI have congruent species assignments	GCA_002285265.1, s__Lampropedia sp002285265, 95.0, 79.03, 0.387; GCF_004217315.1, s__Lampropedia populi, 95.0, 79.02, 0.427; GCA_002285285.1, s__Lampropedia sp002285285, 95.0, 78.82, 0.367; GCA_003703475.1, s__Lampropedia sp003703475, 95.0, 78.72, 0.325; GCF_001005215.1, s__Lampropedia cohaerens, 95.0, 78.11, 0.302; GCF_004803635.1, s__Lampropedia aestuarii, 95.0, 77.27, 0.189; GCF_004833285.1, s__Lampropedia puyangensis, 95.0, 76.95, 0.13	95.59	11	N/A	N/A
27	Unclassified Bacteria	N/A	N/A	N/A	N/A	N/A	N/A	N/A	N/A	N/A	N/A	N/A	N/A	N/A	N/A	N/A	N/A	N/A	Insufficient number of amino acids in MSA (5.8%)
28	Unclassified Bacteria	N/A	N/A	N/A	N/A	N/A	N/A	N/A	N/A	N/A	N/A	N/A	N/A	N/A	N/A	N/A	N/A	N/A	Insufficient number of amino acids in MSA (0.8%)
29	d__Bacteria;p__Proteobacteria;c__Gammaproteobacteria;o__Burkholderiales;f__Burkholderiaceae;g__Pseudoduganella;s__	N/A	N/A	N/A	N/A	N/A	GCF_001425045.1	95.0	d__Bacteria;p__Proteobacteria;c__Gammaproteobacteria;o__Burkholderiales;f__Burkholderiaceae;g__Pseudoduganella;s__Pseudoduganella sp001425045	96.94	0.421	d__Bacteria;p__Proteobacteria;c__Gammaproteobacteria;o__Burkholderiales;f__Burkholderiaceae;g__Pseudoduganella;s__	taxonomic classification defined by topology and ANI	classification based on placement in class-level tree	GCF_003053665.1, s__Pseudoduganella sp003053665, 95.0, 97.42, 0.368; GCF_009857595.1, s__Pseudoduganella aquatica_A, 95.0, 95.57, 0.421; GCF_001425265.1, s__Pseudoduganella sp001425265, 95.0, 94.12, 0.474; GCF_003028855.1, s__Pseudoduganella armeniaca, 95.0, 91.37, 0.474; GCF_004421005.1, s__Pseudoduganella plicata, 95.0, 90.8, 0.316; GCF_009720865.1, s__Pseudoduganella ginsengisoli, 95.0, 90.75, 0.368; GCA_008011715.1, s__Pseudoduganella haloabium, 95.0, 90.04, 0.421; GCF_009727155.1, s__Pseudoduganella dura, 95.0, 89.85, 0.421; GCA_002454505.1, s__Pseudoduganella sp002454505, 95.0, 89.63, 0.368; GCF_013369485.1, s__Pseudoduganella sp013369485, 95.0, 88.57, 0.368; GCF_014192225.1, s__Pseudoduganella umbonata, 95.0, 88.54, 0.368; GCF_004209755.1, s__Pseudoduganella lutea, 95.0, 88.5, 0.368; GCF_900113115.1, s__Pseudoduganella sp900113115, 95.0, 87.99, 0.474; GCF_900116645.1, s__Pseudoduganella namucuonensis, 95.0, 87.96, 0.474; GCF_009720835.1, s__Pseudoduganella buxea, 95.0, 87.76, 0.421; GCF_004322755.1, s__Pseudoduganella albidiflava, 95.0, 87.75, 0.421; GCF_001191005.1, s__Pseudoduganella sp001191005, 95.0, 87.66, 0.421; GCF_009720745.1, s__Pseudoduganella eburnea, 95.0, 87.49, 0.421; GCF_009674485.1, s__Pseudoduganella sp009674485, 95.0, 87.45, 0.474; GCF_014191875.1, s__Pseudoduganella violacea, 95.0, 87.44, 0.368; GCF_001427305.1, s__Pseudoduganella sp001427305, 95.0, 87.25, 0.474; GCF_009857475.1, s__Pseudoduganella guangdongensis, 95.0, 87.24, 0.474; GCF_000425385.1, s__Pseudoduganella violaceinigra, 95.0, 86.85, 0.421; GCF_001425005.1, s__Pseudoduganella sp001425005, 95.0, 86.09, 0.368; GCF_004217275.1, s__Pseudoduganella sp004217275, 95.0, 86.06, 0.368; GCF_007830495.1, s__Pseudoduganella flava, 95.0, 85.48, 0.421; GCF_007830455.1, s__Pseudoduganella lurida, 95.0, 85.04, 0.474	13.94	11	1.0	Genome domain questionable ( 14.2% Bacterial, 7.5% Archaeal)
3	d__Bacteria;p__Bacteroidota;c__Bacteroidia;o__Chitinophagales;f__Chitinophagaceae;g__Hydrotalea;s__Hydrotalea sandarakina	GCF_003254115.1	95.0	d__Bacteria;p__Bacteroidota;c__Bacteroidia;o__Chitinophagales;f__Chitinophagaceae;g__Hydrotalea;s__Hydrotalea sandarakina	99.99	0.991	GCF_003254115.1	95.0	d__Bacteria;p__Bacteroidota;c__Bacteroidia;o__Chitinophagales;f__Chitinophagaceae;g__Hydrotalea;s__Hydrotalea sandarakina	99.99	0.991	d__Bacteria;p__Bacteroidota;c__Bacteroidia;o__Chitinophagales;f__Chitinophagaceae;g__Hydrotalea;s__	taxonomic classification defined by topology and ANI	topological placement and ANI have congruent species assignments	GCA_011362875.1, s__Hydrotalea flava_A, 95.0, 94.61, 0.934; GCA_001623405.1, s__Hydrotalea flava, 95.0, 79.38, 0.605	12.11	11	N/A	Genome has more than 87.5% of markers with multiple hits
30	d__Bacteria;p__Desulfobacterota;c__Desulfobacteria;o__Desulfobacterales;f__Desulfatibacillaceae;g__Desulfatibacillum;s__Desulfatibacillum alkenivorans	GCF_900142135.1	95.0	d__Bacteria;p__Desulfobacterota;c__Desulfobacteria;o__Desulfobacterales;f__Desulfatibacillaceae;g__Desulfatibacillum;s__Desulfatibacillum alkenivorans	100.0	1.0	GCF_900142135.1	95.0	d__Bacteria;p__Desulfobacterota;c__Desulfobacteria;o__Desulfobacterales;f__Desulfatibacillaceae;g__Desulfatibacillum;s__Desulfatibacillum alkenivorans	100.0	1.0	d__Bacteria;p__Desulfobacterota;c__Desulfobacteria;o__Desulfobacterales;f__Desulfatibacillaceae;g__Desulfatibacillum;s__	taxonomic classification defined by topology and ANI	topological placement and ANI have congruent species assignments	GCF_000429905.1, s__Desulfatibacillum aliphaticivorans, 95.0, 93.04, 0.877; GCA_016342355.1, s__Desulfatibacillum sp016342355, 95.0, 79.46, 0.524	92.45	11	N/A	N/A
31	d__Bacteria;p__Proteobacteria;c__Alphaproteobacteria;o__Rhodobacterales;f__Rhodobacteraceae;g__Albidovulum;s__Albidovulum denitrificans	GCF_002973535.1	95.0	d__Bacteria;p__Proteobacteria;c__Alphaproteobacteria;o__Rhodobacterales;f__Rhodobacteraceae;g__Albidovulum;s__Albidovulum denitrificans	100.0	0.996	GCF_002973535.1	95.0	d__Bacteria;p__Proteobacteria;c__Alphaproteobacteria;o__Rhodobacterales;f__Rhodobacteraceae;g__Albidovulum;s__Albidovulum denitrificans	100.0	0.996	d__Bacteria;p__Proteobacteria;c__Alphaproteobacteria;o__Rhodobacterales;f__Rhodobacteraceae;g__Albidovulum;s__	taxonomic classification defined by topology and ANI	topological placement and ANI have congruent species assignments	GCA_002440625.1, s__Albidovulum sp002440625, 95.0, 81.61, 0.642; GCA_002280515.1, s__Albidovulum sp002280515, 95.0, 81.44, 0.634; GCA_011620265.1, s__Albidovulum sp011620265, 95.0, 81.18, 0.618; GCA_008933605.1, s__Albidovulum sp008933605, 95.0, 80.65, 0.579; GCA_002841115.1, s__Albidovulum sp002841115, 95.0, 80.51, 0.577; GCF_900302475.1, s__Albidovulum aquaemixtae, 95.0, 79.32, 0.448; GCF_002927635.1, s__Albidovulum inexpectatum, 95.0, 79.1, 0.5	97.36	11	N/A	N/A
32	d__Bacteria;p__Firmicutes_A;c__Clostridia;o__Lachnospirales;f__Lachnospiraceae;g__Anaerosporobacter;s__Anaerosporobacter mobilis	GCF_900142955.1	95.0	d__Bacteria;p__Firmicutes_A;c__Clostridia;o__Lachnospirales;f__Lachnospiraceae;g__Anaerosporobacter;s__Anaerosporobacter mobilis	100.0	0.983	GCF_900142955.1	95.0	d__Bacteria;p__Firmicutes_A;c__Clostridia;o__Lachnospirales;f__Lachnospiraceae;g__Anaerosporobacter;s__Anaerosporobacter mobilis	100.0	0.983	d__Bacteria;p__Firmicutes_A;c__Clostridia;o__Lachnospirales;f__Lachnospiraceae;g__Anaerosporobacter;s__	taxonomic classification defined by topology and ANI	topological placement and ANI have congruent species assignments	GCA_018372435.1, s__Anaerosporobacter sp018372435, 95.0, 94.51, 0.839; GCF_012070565.1, s__Anaerosporobacter sp012070565, 95.0, 79.09, 0.316	64.3	11	N/A	N/A
33	Unclassified	N/A	N/A	N/A	N/A	N/A	N/A	N/A	N/A	N/A	N/A	N/A	N/A	N/A	N/A	N/A	N/A	N/A	No bacterial or archaeal marker
4	Unclassified	N/A	N/A	N/A	N/A	N/A	N/A	N/A	N/A	N/A	N/A	N/A	N/A	N/A	N/A	N/A	N/A	N/A	No bacterial or archaeal marker
5	d__Bacteria;p__Actinobacteriota;c__Actinomycetia;o__Mycobacteriales;f__Mycobacteriaceae;g__Williamsia_A;s__Williamsia_A herbipolensis	GCF_000964005.1	95.0	d__Bacteria;p__Actinobacteriota;c__Actinomycetia;o__Mycobacteriales;f__Mycobacteriaceae;g__Williamsia_A;s__Williamsia_A herbipolensis	95.01	0.891	GCF_000964005.1	95.0	d__Bacteria;p__Actinobacteriota;c__Actinomycetia;o__Mycobacteriales;f__Mycobacteriaceae;g__Williamsia_A;s__Williamsia_A herbipolensis	95.01	0.891	d__Bacteria;p__Actinobacteriota;c__Actinomycetia;o__Mycobacteriales;f__Mycobacteriaceae;g__Williamsia_A;s__	taxonomic classification defined by topology and ANI	topological placement and ANI have congruent species assignments	GCF_014635305.1, s__Williamsia_A phyllosphaerae, 95.0, 82.43, 0.702; GCA_016462415.1, s__Williamsia_A sp016462415, 95.0, 82.15, 0.649; GCF_018474015.1, s__Williamsia_A sp018474015, 95.0, 80.23, 0.523	96.49	11	N/A	N/A
6	d__Bacteria;p__Proteobacteria;c__Gammaproteobacteria;o__Xanthomonadales;f__Xanthomonadaceae;g__Xylella;s__Xylella fastidiosa	GCF_011801475.1	95.0	d__Bacteria;p__Proteobacteria;c__Gammaproteobacteria;o__Xanthomonadales;f__Xanthomonadaceae;g__Xylella;s__Xylella fastidiosa	99.99	0.968	GCF_011801475.1	95.0	d__Bacteria;p__Proteobacteria;c__Gammaproteobacteria;o__Xanthomonadales;f__Xanthomonadaceae;g__Xylella;s__Xylella fastidiosa	99.99	0.968	d__Bacteria;p__Proteobacteria;c__Gammaproteobacteria;o__Xanthomonadales;f__Xanthomonadaceae;g__Xylella;s__	taxonomic classification defined by topology and ANI	topological placement and ANI have congruent species assignments	GCF_013177435.1, s__Xylella taiwanensis, 95.0, 82.86, 0.789	95.83	11	N/A	N/A
7	d__Bacteria;p__Bacteroidota;c__Bacteroidia;o__Chitinophagales;f__Chitinophagaceae;g__Flavisolibacter;s__Flavisolibacter ginsengisoli	GCF_900129295.1	95.0	d__Bacteria;p__Bacteroidota;c__Bacteroidia;o__Chitinophagales;f__Chitinophagaceae;g__Flavisolibacter;s__Flavisolibacter ginsengisoli	99.96	0.988	GCF_900129295.1	95.0	d__Bacteria;p__Bacteroidota;c__Bacteroidia;o__Chitinophagales;f__Chitinophagaceae;g__Flavisolibacter;s__Flavisolibacter ginsengisoli	99.96	0.988	d__Bacteria;p__Bacteroidota;c__Bacteroidia;o__Chitinophagales;f__Chitinophagaceae;g__Flavisolibacter;s__	taxonomic classification defined by topology and ANI	topological placement and ANI have congruent species assignments	GCA_017745135.1, s__Flavisolibacter sp017745135, 95.0, 76.94, 0.154; GCA_013327885.1, s__Flavisolibacter sp013327885, 95.0, 76.86, 0.099; GCF_003628535.1, s__Flavisolibacter nicotianae, 95.0, 76.74, 0.083; GCA_002050435.1, s__Flavisolibacter sp002050435, 95.0, 76.67, 0.215; GCF_007970805.1, s__Flavisolibacter ginsenosidimutans, 95.0, 76.59, 0.078; GCA_014163555.1, s__Flavisolibacter sp014163555, 95.0, 76.57, 0.115	11.38	11	N/A	Genome has more than 88.3% of markers with multiple hits;Genome domain questionable ( 11.7% Bacterial, 3.8% Archaeal)
8	d__Bacteria;p__Actinobacteriota;c__Actinomycetia;o__Actinomycetales;f__Dermatophilaceae;g__Phycicoccus;s__Phycicoccus sp001428065	GCF_001428065.1	95.0	d__Bacteria;p__Actinobacteriota;c__Actinomycetia;o__Actinomycetales;f__Dermatophilaceae;g__Phycicoccus;s__Phycicoccus sp001428065	99.99	0.997	GCF_001428065.1	95.0	d__Bacteria;p__Actinobacteriota;c__Actinomycetia;o__Actinomycetales;f__Dermatophilaceae;g__Phycicoccus;s__Phycicoccus sp001428065	99.99	0.997	d__Bacteria;p__Actinobacteriota;c__Actinomycetia;o__Actinomycetales;f__Dermatophilaceae;g__Phycicoccus;s__	taxonomic classification defined by topology and ANI	topological placement and ANI have congruent species assignments	GCF_002846495.1, s__Phycicoccus duodecadis, 95.0, 92.25, 0.859; GCF_011383005.1, s__Phycicoccus sp011383005, 95.0, 84.56, 0.741; GCF_016887965.1, s__Phycicoccus sp016887965, 95.0, 84.46, 0.714; GCF_000720925.1, s__Phycicoccus jejuensis, 95.0, 84.36, 0.722; GCF_013201035.1, s__Phycicoccus sp013201035, 95.0, 84.23, 0.736; GCA_014763705.1, s__Phycicoccus sp014763705, 95.0, 84.07, 0.661; GCF_004025965.2, s__Phycicoccus flavus, 95.0, 83.51, 0.697; GCF_011326735.1, s__Phycicoccus endophyticus, 95.0, 82.86, 0.667; GCF_016888005.1, s__Phycicoccus sp016888005, 95.0, 82.78, 0.656; GCF_018139485.1, s__Phycicoccus sp018139485, 95.0, 82.55, 0.623	96.03	11	N/A	N/A
9	d__Bacteria;p__Firmicutes;c__Bacilli;o__Acholeplasmatales;f__Anaeroplasmataceae;g__Anaeroplasma;s__Anaeroplasma bactoclasticum	GCF_003550015.1	95.0	d__Bacteria;p__Firmicutes;c__Bacilli;o__Acholeplasmatales;f__Anaeroplasmataceae;g__Anaeroplasma;s__Anaeroplasma bactoclasticum	100.0	0.957	GCF_003550015.1	95.0	d__Bacteria;p__Firmicutes;c__Bacilli;o__Acholeplasmatales;f__Anaeroplasmataceae;g__Anaeroplasma;s__Anaeroplasma bactoclasticum	100.0	0.957	d__Bacteria;p__Firmicutes;c__Bacilli;o__Acholeplasmatales;f__Anaeroplasmataceae;g__Anaeroplasma;s__	taxonomic classification defined by topology and ANI	topological placement and ANI have congruent species assignments	GCA_017388605.1, s__Anaeroplasma sp017388605, 95.0, 84.42, 0.816; GCA_017449215.1, s__Anaeroplasma sp017449215, 95.0, 78.41, 0.33; GCA_016280975.1, s__Anaeroplasma sp016280975, 95.0, 78.41, 0.344; GCA_002449755.1, s__Anaeroplasma sp002449755, 95.0, 78.27, 0.335; GCA_017441525.1, s__Anaeroplasma sp017441525, 95.0, 78.18, 0.372; GCA_017524905.1, s__Anaeroplasma sp017524905, 95.0, 77.91, 0.324; GCA_017462645.1, s__Anaeroplasma sp017462645, 95.0, 77.88, 0.311; GCA_017542485.1, s__Anaeroplasma sp017542485, 95.0, 77.75, 0.264; GCA_017444645.1, s__Anaeroplasma sp017444645, 95.0, 77.71, 0.312; GCA_016288855.1, s__Anaeroplasma sp016288855, 95.0, 77.67, 0.264; GCA_900770055.1, s__Anaeroplasma sp900770055, 95.0, 77.63, 0.232; GCA_016282815.1, s__Anaeroplasma sp016282815, 95.0, 77.58, 0.295; GCA_015059145.1, s__Anaeroplasma sp015059145, 95.0, 77.51, 0.269; GCA_900767915.1, s__Anaeroplasma sp900767915, 95.0, 77.46, 0.23; GCA_902783745.1, s__Anaeroplasma sp902783745, 95.0, 77.38, 0.288; GCA_017454375.1, s__Anaeroplasma sp017454375, 95.0, 77.28, 0.188; GCA_902796895.1, s__Anaeroplasma sp902796895, 95.0, 77.13, 0.299; GCA_018715825.1, s__Anaeroplasma faecigallinarum, 95.0, 77.06, 0.155; GCA_905236965.1, s__Anaeroplasma sp905236965, 95.0, 76.33, 0.276; GCA_905236105.1, s__Anaeroplasma sp905236105, 95.0, 76.03, 0.173	20.29	11	N/A	Genome has more than 73.3% of markers with multiple hits
